AccountID,OppID,OnboardingScore,SupportTickets,IsChurned
1,1,55,0,0
2,9,92,12,0
3,11,3,8,0
4,19,78,19,0
5,27,81,10,0
6,28,98,16,0
7,31,93,8,0
8,38,68,6,0
9,40,26,2,0
10,42,49,14,0
11,43,44,5,0
12,47,31,0,0
13,49,69,13,0
14,54,3,1,0
15,56,78,7,0
16,58,34,3,1
17,60,1,14,0
18,61,8,7,1
19,64,20,8,0
20,65,57,16,0
21,67,76,11,0
22,69,68,18,1
23,70,63,6,0
24,72,7,2,0
25,75,52,9,0
26,79,72,2,0
27,80,9,9,0
28,81,75,16,0
29,84,7,16,1
30,86,89,5,0
31,87,14,9,0
32,88,30,12,1
33,91,48,9,0
34,95,8,1,0
35,99,94,5,0
36,100,69,17,0
37,103,1,6,0
38,104,67,4,1
39,105,40,9,0
40,106,1,2,0
41,107,17,7,0
42,110,67,14,0
43,111,3,18,0
44,113,14,0,0
45,115,47,15,0
46,117,79,18,0
47,121,74,9,0
48,124,64,11,0
49,125,96,10,0
50,127,86,12,0
51,129,44,10,0
52,133,15,11,0
53,135,92,4,0
54,136,98,12,0
55,137,89,0,0
56,138,43,15,0
57,139,65,4,0
58,140,32,14,0
59,146,44,9,0
60,148,40,15,0
61,151,45,17,0
62,152,87,17,0
63,154,6,19,0
64,156,94,3,0
65,160,21,12,1
66,163,66,13,1
67,164,51,19,0
68,166,45,19,0
69,168,74,18,1
70,169,73,11,0
71,171,83,18,0
72,174,4,3,1
73,176,65,2,0
74,177,11,8,0
75,182,2,17,0
76,185,99,16,0
77,189,97,3,0
78,190,72,1,0
79,192,55,12,1
80,196,41,1,0
81,199,16,12,0
82,207,3,15,0
83,208,31,18,0
84,213,27,7,1
85,218,60,7,0
86,220,29,8,0
87,223,1,4,0
88,226,9,13,0
89,229,5,2,0
90,231,61,11,0
91,232,60,7,0
92,238,95,19,0
93,240,29,12,0
94,241,28,6,0
95,244,10,13,0
96,246,44,16,0
97,249,61,10,0
98,251,72,14,0
99,252,8,5,0
100,254,86,6,0
101,256,12,6,0
102,259,32,10,0
103,263,86,16,0
104,264,75,15,0
105,270,60,17,0
106,275,31,8,0
107,279,51,4,0
108,280,81,1,0
109,283,42,11,0
110,286,58,17,1
111,289,69,11,0
112,290,51,13,0
113,297,80,12,0
114,299,31,17,1
115,300,3,1,0
116,301,60,15,1
117,302,73,10,0
118,305,45,13,0
119,306,5,1,0
120,307,68,10,0
121,308,17,15,0
122,309,6,3,0
123,312,41,19,0
124,313,53,1,0
125,314,42,2,0
126,315,80,6,0
127,317,7,19,0
128,324,2,1,1
129,325,34,4,0
130,326,54,1,0
131,328,10,0,0
132,330,64,3,0
133,331,66,11,0
134,333,50,18,0
135,335,8,7,1
136,337,72,2,0
137,339,77,1,0
138,342,31,18,0
139,345,19,16,0
140,346,23,11,1
141,348,94,19,0
142,349,5,19,0
143,351,49,19,0
144,355,53,9,0
145,356,75,0,1
146,359,9,6,0
147,361,48,18,0
148,363,8,5,0
149,365,18,4,0
150,366,84,10,0
151,367,33,5,1
152,368,80,8,0
153,370,11,12,1
154,372,8,4,1
155,373,30,1,0
156,374,89,19,0
157,375,70,12,1
158,378,22,3,0
159,379,14,17,0
160,382,55,0,0
161,385,88,7,0
162,389,62,4,0
163,390,71,10,0
164,392,64,13,0
165,394,92,6,0
166,397,78,16,0
167,401,47,6,0
168,403,45,1,0
169,404,23,3,0
170,405,81,15,0
171,406,58,4,0
172,409,97,5,0
173,410,52,18,0
174,413,30,3,0
175,418,68,4,1
176,420,43,15,0
177,424,48,6,0
178,426,72,9,0
179,429,75,16,0
180,431,78,4,0
181,435,85,7,0
182,437,69,16,0
183,438,40,1,0
184,441,73,6,0
185,442,19,5,0
186,445,15,3,0
187,447,56,18,0
188,448,54,4,0
189,449,27,8,0
190,450,95,15,0
191,451,35,10,1
192,452,93,15,0
193,457,40,12,0
194,458,95,12,0
195,462,92,17,0
196,466,95,4,0
197,467,62,1,0
198,469,56,5,0
199,471,6,0,0
200,473,6,15,0
201,476,29,4,0
202,477,90,6,0
203,478,89,11,0
204,479,40,11,1
205,489,55,18,0
206,490,79,14,1
207,491,51,6,0
208,492,42,14,0
209,493,92,0,0
210,497,86,4,0
211,505,39,14,1
212,508,9,19,0
213,509,49,17,0
214,510,81,6,0
215,513,14,14,0
216,515,36,1,0
217,519,9,18,1
218,520,22,16,0
219,521,30,9,0
220,527,23,5,0
221,528,99,2,0
222,535,21,9,1
223,537,63,1,0
224,538,70,5,0
225,539,69,0,0
226,541,80,7,0
227,542,57,4,0
228,544,51,7,0
229,546,64,16,0
230,547,60,0,0
231,552,5,2,0
232,553,88,16,0
233,554,16,2,0
234,555,86,15,0
235,556,11,0,0
236,559,78,0,0
237,561,33,19,1
238,562,72,9,0
239,563,73,7,0
240,564,8,19,0
241,565,25,2,0
242,567,85,18,0
243,568,73,4,0
244,569,24,5,1
245,574,89,2,0
246,578,45,4,0
247,579,5,13,0
248,580,50,13,1
249,585,85,7,0
250,586,51,16,0
251,587,70,13,0
252,594,82,6,0
253,595,1,4,0
254,597,33,9,1
255,598,45,0,0
256,605,29,1,0
257,608,37,7,0
258,610,10,7,0
259,614,91,17,1
260,622,27,17,0
261,627,73,12,0
262,631,39,15,0
263,632,71,4,0
264,633,3,7,1
265,636,89,10,0
266,640,34,14,0
267,646,38,11,0
268,648,48,0,0
269,651,92,13,0
270,652,37,2,1
271,661,91,18,0
272,665,45,14,0
273,668,53,5,0
274,670,39,10,0
275,674,17,7,0
276,678,14,5,0
277,680,79,4,0
278,683,99,8,0
279,687,53,1,0
280,688,77,2,0
281,689,72,13,0
282,690,8,7,0
283,694,60,1,0
284,695,82,17,1
285,696,54,7,1
286,697,30,18,1
287,699,42,15,0
288,701,4,10,1
289,702,83,13,0
290,703,22,15,1
291,706,50,13,0
292,708,2,10,0
293,709,27,3,1
294,711,96,7,0
295,715,53,6,0
296,716,19,12,0
297,717,42,8,0
298,718,13,1,1
299,721,37,17,1
300,722,92,7,0
301,723,73,11,1
302,725,47,11,1
303,728,74,13,0
304,731,2,19,0
305,732,10,3,0
306,733,32,12,0
307,734,80,14,0
308,737,52,15,0
309,739,53,19,0
310,740,94,4,0
311,744,54,16,0
312,746,54,18,1
313,747,11,1,1
314,750,76,4,0
315,756,56,4,0
316,757,34,15,0
317,758,35,10,0
318,763,8,8,1
319,769,48,4,0
320,770,79,13,0
321,772,71,18,0
322,773,28,8,0
323,774,4,17,1
324,782,62,5,0
325,783,34,13,1
326,784,53,9,0
327,785,8,12,1
328,786,58,14,0
329,787,87,15,0
330,789,43,0,0
331,791,25,11,1
332,794,5,13,0
333,795,61,15,0
334,796,90,3,0
335,798,29,13,0
336,799,63,10,0
337,800,86,0,0
338,806,42,1,0
339,807,55,14,0
340,808,48,6,0
341,809,86,0,0
342,811,19,18,1
343,816,18,1,0
344,817,12,18,0
345,819,88,18,0
346,820,51,16,1
347,822,4,7,0
348,823,19,1,1
349,825,54,6,0
350,827,8,2,1
351,829,7,14,0
352,832,83,2,0
353,833,77,8,0
354,839,12,4,0
355,840,77,15,1
356,845,79,11,0
357,848,65,14,1
358,849,3,14,1
359,851,74,9,0
360,853,52,19,1
361,854,31,12,1
362,858,36,0,0
363,860,18,7,0
364,861,78,7,0
365,866,44,11,1
366,867,43,14,0
367,876,96,17,0
368,881,86,8,1
369,882,27,15,0
370,886,42,14,0
371,888,93,3,0
372,889,78,6,0
373,891,61,11,0
374,892,58,4,0
375,894,50,1,0
376,899,8,2,0
377,901,20,8,0
378,902,27,6,0
379,903,54,8,0
380,904,69,12,0
381,905,32,0,0
382,906,93,17,0
383,908,90,16,0
384,909,1,7,0
385,912,42,5,0
386,913,95,15,0
387,914,62,0,0
388,915,80,10,0
389,916,3,9,0
390,919,24,1,1
391,921,85,18,0
392,925,66,16,0
393,927,49,14,1
394,930,22,5,1
395,933,2,13,1
396,935,78,11,1
397,937,67,19,0
398,938,73,15,0
399,939,41,17,1
400,944,40,3,0
401,948,65,12,0
402,950,8,3,0
403,953,61,11,0
404,959,24,15,1
405,964,94,9,0
406,966,22,8,0
407,967,30,4,1
408,970,80,7,0
409,973,22,10,0
410,976,97,8,0
411,980,12,0,0
412,983,54,2,0
413,985,70,3,0
414,992,60,12,0
415,995,36,12,0
416,996,86,12,0
417,1000,63,14,0
418,1003,48,12,0
419,1004,7,14,0
420,1006,15,4,1
421,1009,40,16,0
422,1011,30,6,0
423,1013,64,6,0
424,1014,76,10,0
425,1015,73,13,0
426,1018,47,11,0
427,1021,16,11,0
428,1023,50,3,1
429,1025,40,13,0
430,1032,39,1,0
431,1033,22,16,0
432,1034,37,11,1
433,1036,79,11,0
434,1038,85,9,0
435,1042,79,18,1
436,1043,75,9,0
437,1045,82,1,0
438,1047,20,14,1
439,1050,11,15,1
440,1051,22,2,0
441,1052,36,16,0
442,1053,10,13,0
443,1054,89,4,0
444,1057,41,9,0
445,1060,22,19,1
446,1063,4,18,0
447,1064,71,17,1
448,1065,46,10,0
449,1067,98,0,0
450,1068,31,18,0
451,1069,70,18,1
452,1070,9,0,1
453,1074,58,16,0
454,1075,78,19,0
455,1076,8,9,0
456,1080,69,3,0
457,1081,35,18,1
458,1082,49,0,0
459,1083,79,16,0
460,1085,90,9,1
461,1086,75,9,0
462,1091,3,2,0
463,1095,87,3,0
464,1096,67,12,0
465,1100,74,13,1
466,1101,4,11,0
467,1105,91,4,0
468,1106,61,3,0
469,1107,74,17,0
470,1108,56,7,0
471,1110,5,9,1
472,1111,32,5,0
473,1112,61,12,0
474,1115,30,3,1
475,1116,48,12,0
476,1120,98,18,0
477,1122,86,17,0
478,1125,30,16,1
479,1129,34,18,0
480,1132,24,5,1
481,1139,71,17,0
482,1140,67,5,0
483,1142,9,11,0
484,1143,94,16,0
485,1146,34,2,1
486,1147,85,8,0
487,1148,99,18,0
488,1152,40,15,0
489,1153,40,13,0
490,1154,21,6,0
491,1156,52,12,0
492,1162,57,17,0
493,1163,99,4,0
494,1166,67,9,0
495,1167,16,12,1
496,1168,30,19,0
497,1169,44,13,0
498,1170,84,17,0
499,1173,58,19,1
500,1174,87,6,0
501,1175,81,4,1
502,1176,55,11,0
503,1178,45,5,0
504,1179,32,18,0
505,1181,17,18,1
506,1182,17,17,0
507,1183,49,17,0
508,1185,54,9,0
509,1187,63,10,0
510,1190,85,9,0
511,1192,10,6,0
512,1195,79,8,0
513,1196,76,5,0
514,1198,23,7,0
515,1200,76,1,0
516,1201,5,14,0
517,1205,11,8,0
518,1206,97,10,0
519,1207,62,7,0
520,1208,11,9,0
521,1210,16,3,1
522,1214,58,18,0
523,1216,1,3,0
524,1217,83,7,0
525,1218,94,16,0
526,1219,20,5,0
527,1220,6,13,0
528,1223,79,4,0
529,1225,30,9,0
530,1228,43,7,0
531,1229,65,2,0
532,1233,39,4,1
533,1234,91,8,0
534,1237,20,5,1
535,1240,20,17,0
536,1243,48,13,0
537,1244,65,12,0
538,1248,85,17,0
539,1249,93,12,1
540,1257,98,1,0
541,1258,82,17,0
542,1260,59,16,1
543,1265,58,18,0
544,1267,46,13,0
545,1269,17,14,0
546,1271,92,7,0
547,1272,18,10,0
548,1274,58,11,0
549,1275,64,8,0
550,1276,17,15,1
551,1277,77,3,0
552,1280,33,13,1
553,1282,98,9,0
554,1285,20,14,1
555,1289,51,6,0
556,1292,70,19,0
557,1294,80,0,0
558,1295,94,10,0
559,1296,4,6,0
560,1298,46,8,0
561,1304,34,14,1
562,1306,37,14,0
563,1310,90,12,0
564,1313,53,14,0
565,1314,22,5,0
566,1316,41,4,0
567,1318,16,0,1
568,1320,70,2,0
569,1321,66,17,1
570,1322,61,7,0
571,1323,18,6,0
572,1325,56,16,0
573,1326,61,7,0
574,1328,85,13,0
575,1329,37,7,0
576,1333,6,10,0
577,1335,99,4,0
578,1336,94,17,0
579,1338,75,3,0
580,1339,91,14,0
581,1341,26,14,1
582,1342,37,0,0
583,1352,13,19,0
584,1353,23,11,0
585,1354,46,4,0
586,1356,59,12,0
587,1357,84,1,0
588,1358,96,2,0
589,1359,12,14,0
590,1361,23,9,1
591,1362,73,4,0
592,1364,81,7,0
593,1365,57,6,0
594,1366,34,8,0
595,1370,50,17,0
596,1371,77,5,0
597,1372,3,9,0
598,1373,19,18,0
599,1374,16,17,1
600,1377,62,10,0
601,1379,51,2,0
602,1380,93,18,0
603,1381,95,9,0
604,1383,19,19,1
605,1385,97,0,0
606,1387,25,2,0
607,1388,53,11,1
608,1390,75,7,0
609,1400,54,18,0
610,1405,70,0,0
611,1407,36,14,0
612,1408,55,2,0
613,1409,62,10,0
614,1410,52,0,0
615,1414,62,5,0
616,1416,61,13,0
617,1418,12,7,0
618,1420,71,0,0
619,1421,70,18,0
620,1422,13,9,0
621,1423,91,7,1
622,1425,71,5,0
623,1430,36,7,0
624,1436,56,15,0
625,1437,52,8,0
626,1439,8,10,0
627,1440,49,5,0
628,1441,39,7,0
629,1442,77,4,0
630,1444,16,1,0
631,1445,76,15,0
632,1446,46,17,0
633,1448,95,16,1
634,1450,18,7,1
635,1451,25,10,0
636,1454,15,18,0
637,1456,2,5,0
638,1459,69,5,0
639,1460,71,2,0
640,1462,16,8,0
641,1463,9,3,1
642,1466,16,19,0
643,1467,76,13,0
644,1469,53,4,0
645,1470,49,15,1
646,1474,52,1,0
647,1475,82,9,0
648,1477,91,16,0
649,1479,85,11,0
650,1481,1,18,1
651,1482,98,13,0
652,1483,7,10,0
653,1485,61,7,0
654,1487,77,9,0
655,1490,58,12,0
656,1491,96,1,0
657,1497,52,5,0
658,1498,63,2,0
659,1501,55,19,0
660,1505,5,6,0
661,1506,88,18,1
662,1509,45,8,1
663,1511,37,4,0
664,1513,88,2,0
665,1514,62,12,1
666,1515,37,3,0
667,1517,61,2,0
668,1520,19,10,1
669,1521,72,7,0
670,1524,10,14,1
671,1525,99,10,0
672,1528,32,18,1
673,1529,36,7,0
674,1530,69,18,0
675,1531,5,19,0
676,1534,62,6,0
677,1536,60,0,0
678,1537,9,1,0
679,1538,40,9,0
680,1539,61,7,0
681,1540,49,0,0
682,1547,96,17,1
683,1557,94,3,0
684,1558,40,8,0
685,1560,47,11,0
686,1561,52,13,0
687,1564,40,4,0
688,1565,54,16,0
689,1566,63,2,0
690,1567,61,6,0
691,1568,53,15,0
692,1578,99,12,1
693,1581,81,6,0
694,1582,90,18,1
695,1583,47,14,0
696,1585,17,2,1
697,1587,86,17,1
698,1589,99,9,0
699,1592,26,14,1
700,1593,56,1,0
701,1595,32,19,0
702,1597,21,9,0
703,1598,27,2,0
704,1599,87,19,0
705,1603,38,12,1
706,1606,46,1,0
707,1607,70,1,0
708,1608,99,14,0
709,1609,37,9,0
710,1610,18,17,1
711,1614,93,10,0
712,1616,12,6,0
713,1621,33,16,1
714,1623,94,10,0
715,1624,20,7,0
716,1625,84,9,0
717,1626,36,8,0
718,1631,27,3,0
719,1632,55,11,0
720,1634,97,1,0
721,1635,77,14,0
722,1638,70,1,0
723,1641,27,18,0
724,1642,87,7,0
725,1643,99,2,0
726,1646,87,18,0
727,1650,29,2,0
728,1651,97,2,0
729,1657,19,3,0
730,1658,39,2,0
731,1660,82,10,0
732,1662,68,17,0
733,1664,50,17,0
734,1665,80,11,0
735,1666,72,0,0
736,1668,20,13,0
737,1670,16,0,0
738,1671,5,17,1
739,1672,83,15,0
740,1673,50,0,1
741,1675,23,0,0
742,1677,59,7,0
743,1678,81,0,0
744,1679,82,4,0
745,1682,60,5,0
746,1684,39,19,0
747,1687,23,0,0
748,1689,98,15,0
749,1691,74,10,0
750,1697,60,8,1
751,1699,93,4,0
752,1700,38,2,0
753,1702,55,13,0
754,1706,56,14,0
755,1708,58,12,0
756,1712,42,5,0
757,1716,59,16,0
758,1717,8,11,0
759,1721,1,3,0
760,1722,4,4,0
761,1726,88,8,0
762,1728,69,12,0
763,1730,89,12,0
764,1731,63,8,0
765,1738,81,19,0
766,1743,66,10,0
767,1745,4,14,0
768,1747,9,7,1
769,1748,94,13,0
770,1749,49,13,0
771,1750,12,12,0
772,1751,56,6,1
773,1753,34,13,0
774,1756,65,15,0
775,1757,59,7,0
776,1758,69,13,1
777,1761,31,17,1
778,1762,5,4,0
779,1763,62,6,0
780,1766,78,2,0
781,1770,9,16,0
782,1771,24,15,1
783,1773,58,7,0
784,1778,17,8,0
785,1781,16,6,0
786,1783,35,18,0
787,1784,80,3,0
788,1790,93,8,0
789,1793,84,8,0
790,1796,1,2,1
791,1797,46,4,0
792,1798,85,5,0
793,1799,74,16,0
794,1805,93,10,0
795,1807,44,2,0
796,1808,40,13,0
797,1809,86,11,0
798,1810,81,15,1
799,1814,11,18,0
800,1816,26,6,1
801,1818,49,11,0
802,1820,54,17,0
803,1823,46,13,0
804,1825,11,5,1
805,1827,37,6,0
806,1832,48,11,1
807,1836,67,11,0
808,1837,24,11,0
809,1838,62,7,0
810,1839,10,5,0
811,1843,35,1,1
812,1844,69,16,0
813,1847,46,14,0
814,1848,59,13,0
815,1849,62,0,0
816,1852,3,14,1
817,1854,24,11,0
818,1855,21,5,0
819,1860,6,6,1
820,1863,11,5,0
821,1868,17,16,0
822,1872,27,8,1
823,1876,42,9,0
824,1879,36,14,1
825,1881,80,19,1
826,1883,67,4,0
827,1886,26,9,0
828,1888,11,2,0
829,1889,50,1,0
830,1890,98,8,0
831,1892,4,10,0
832,1893,23,10,0
833,1895,14,8,0
834,1896,73,9,1
835,1897,85,11,1
836,1899,68,16,0
837,1900,5,1,0
838,1901,28,14,1
839,1903,96,7,0
840,1904,65,5,0
841,1908,7,2,0
842,1910,98,3,0
843,1912,30,1,0
844,1916,45,6,1
845,1918,77,3,0
846,1923,48,8,0
847,1924,38,1,0
848,1925,76,6,0
849,1927,19,6,0
850,1928,52,15,0
851,1930,99,17,0
852,1931,91,16,1
853,1933,72,19,0
854,1934,26,16,0
855,1936,83,14,0
856,1938,7,10,0
857,1939,59,1,0
858,1940,93,11,0
859,1943,45,6,0
860,1945,49,4,0
861,1947,32,7,0
862,1948,91,9,0
863,1951,74,0,0
864,1952,49,0,0
865,1954,55,8,0
866,1955,2,4,1
867,1957,87,5,0
868,1963,91,8,0
869,1964,87,1,0
870,1966,52,8,0
871,1968,7,0,0
872,1970,76,15,0
873,1971,58,17,0
874,1972,13,18,0
875,1974,1,0,1
876,1978,82,17,0
877,1979,74,1,0
878,1980,49,11,0
879,1981,22,6,1
880,1983,70,14,0
881,1985,77,16,0
882,1987,54,19,0
883,1988,77,11,1
884,1989,73,3,0
885,1990,63,15,0
886,1991,52,5,0
887,1996,91,9,0
888,2000,78,15,0
889,2001,98,1,0
890,2004,52,6,0
891,2005,19,17,0
892,2011,79,17,0
893,2013,30,1,0
894,2014,4,18,1
895,2016,75,8,0
896,2017,62,12,0
897,2018,87,8,0
898,2020,23,19,0
899,2021,78,15,1
900,2022,72,4,0
901,2024,51,6,0
902,2025,92,17,1
903,2026,38,15,0
904,2027,31,0,1
905,2028,61,11,0
906,2031,50,0,0
907,2033,66,1,0
908,2038,37,0,0
909,2040,52,6,0
910,2041,66,12,0
911,2044,86,13,0
912,2048,22,2,0
913,2051,81,8,0
914,2052,27,18,0
915,2054,41,19,0
916,2057,84,13,0
917,2058,95,2,0
918,2059,55,3,0
919,2062,76,4,0
920,2066,70,0,0
921,2067,51,17,1
922,2068,29,3,0
923,2069,22,2,0
924,2073,29,19,0
925,2074,87,4,0
926,2075,15,18,0
927,2076,3,17,0
928,2077,13,2,0
929,2078,49,3,0
930,2080,4,9,0
931,2081,93,10,0
932,2083,31,8,0
933,2088,3,6,1
934,2089,74,19,0
935,2091,1,8,0
936,2093,49,4,0
937,2097,98,16,1
938,2098,55,15,0
939,2100,65,11,0
940,2102,98,1,0
941,2107,7,18,0
942,2110,73,14,0
943,2111,8,0,1
944,2113,51,3,0
945,2116,62,9,0
946,2117,81,19,0
947,2119,68,13,0
948,2120,75,9,0
949,2121,41,14,1
950,2122,96,3,0
951,2123,76,3,0
952,2124,9,2,0
953,2125,98,5,0
954,2128,57,3,0
955,2130,89,8,0
956,2136,67,11,0
957,2137,65,9,0
958,2140,10,11,0
959,2143,29,0,0
960,2145,20,14,0
961,2148,91,4,0
962,2154,72,13,0
963,2155,9,0,0
964,2158,40,2,0
965,2160,63,5,0
966,2161,97,11,0
967,2162,81,1,0
968,2164,74,4,0
969,2169,27,9,0
970,2171,35,14,0
971,2180,9,16,0
972,2181,70,13,0
973,2182,61,7,0
974,2183,1,19,0
975,2187,97,6,1
976,2188,23,10,0
977,2192,52,10,0
978,2197,98,8,0
979,2198,80,19,0
980,2201,86,3,0
981,2203,8,16,0
982,2204,30,2,0
983,2205,10,16,1
984,2206,1,7,0
985,2207,51,13,1
986,2212,98,13,1
987,2213,9,1,0
988,2214,17,17,1
989,2222,6,18,1
990,2224,20,8,0
991,2225,6,18,0
992,2226,51,5,0
993,2228,74,15,0
994,2232,99,15,0
995,2235,61,8,0
996,2237,75,11,0
997,2239,37,1,1
998,2246,49,16,1
999,2247,40,2,0
1000,2254,54,19,0
1001,2256,73,13,0
1002,2257,86,11,0
1003,2258,27,5,0
1004,2260,80,11,1
1005,2261,58,4,0
1006,2268,97,14,1
1007,2269,13,1,0
1008,2270,1,18,1
1009,2273,59,18,1
1010,2275,55,11,0
1011,2278,64,13,0
1012,2279,82,11,0
1013,2280,49,15,0
1014,2281,29,5,1
1015,2282,70,0,0
1016,2284,85,14,0
1017,2285,69,7,0
1018,2288,92,12,0
1019,2289,60,8,0
1020,2291,83,4,0
1021,2294,79,13,1
1022,2296,89,18,1
1023,2298,66,19,0
1024,2299,64,18,0
1025,2301,94,16,0
1026,2302,61,3,0
1027,2303,9,10,0
1028,2304,30,13,0
1029,2305,66,18,0
1030,2310,79,16,0
1031,2312,31,1,0
1032,2313,34,14,0
1033,2314,41,6,0
1034,2315,59,3,0
1035,2318,19,19,0
1036,2320,53,15,0
1037,2321,19,18,1
1038,2325,35,11,0
1039,2327,84,16,0
1040,2330,94,7,0
1041,2334,4,19,1
1042,2335,9,11,0
1043,2339,11,6,0
1044,2340,11,8,1
1045,2342,83,16,0
1046,2345,18,10,1
1047,2346,83,4,0
1048,2349,28,15,0
1049,2350,54,7,0
1050,2356,51,19,0
1051,2357,15,15,0
1052,2358,95,8,0
1053,2360,31,8,0
1054,2361,36,14,1
1055,2363,86,10,0
1056,2365,65,15,0
1057,2369,65,8,0
1058,2371,69,12,0
1059,2372,6,3,1
1060,2373,65,3,0
1061,2375,60,18,0
1062,2379,69,19,0
1063,2382,15,16,1
1064,2383,80,13,0
1065,2384,39,4,0
1066,2387,6,3,0
1067,2388,23,15,0
1068,2390,50,15,1
1069,2392,70,6,0
1070,2396,40,2,0
1071,2397,16,0,0
1072,2400,32,5,0
1073,2401,74,0,1
1074,2402,89,4,0
1075,2405,52,1,0
1076,2406,49,16,0
1077,2407,18,19,0
1078,2410,47,17,0
1079,2411,70,7,1
1080,2412,33,4,0
1081,2413,18,7,0
1082,2417,55,5,0
1083,2418,44,5,0
1084,2420,2,0,0
1085,2422,97,17,0
1086,2426,65,1,0
1087,2427,34,13,1
1088,2428,93,1,0
1089,2429,13,11,1
1090,2432,75,9,0
1091,2435,81,13,1
1092,2436,3,18,0
1093,2437,90,18,0
1094,2441,31,7,0
1095,2442,15,8,0
1096,2443,25,10,0
1097,2445,40,2,0
1098,2446,18,2,0
1099,2448,66,18,1
1100,2449,58,15,0
1101,2451,31,1,0
1102,2452,79,2,0
1103,2459,45,0,0
1104,2460,81,1,0
1105,2461,36,15,0
1106,2464,54,19,0
1107,2467,85,0,0
1108,2469,26,1,0
1109,2470,57,18,0
1110,2473,69,19,0
1111,2478,14,9,0
1112,2479,10,2,0
1113,2480,41,14,0
1114,2481,2,2,1
1115,2482,64,4,0
1116,2484,43,18,0
1117,2485,92,7,0
1118,2486,70,13,0
1119,2487,60,6,0
1120,2489,77,18,0
1121,2491,40,0,0
1122,2492,45,0,1
1123,2495,13,6,1
1124,2497,33,19,0
1125,2498,39,0,0
1126,2507,79,6,0
1127,2508,27,3,0
1128,2509,40,0,0
1129,2510,87,6,0
1130,2513,87,7,0
1131,2514,92,7,0
1132,2516,16,14,0
1133,2520,14,19,1
1134,2522,86,3,0
1135,2524,41,8,0
1136,2526,6,0,0
1137,2527,5,7,0
1138,2529,60,2,0
1139,2531,61,4,0
1140,2532,98,19,1
1141,2537,28,8,1
1142,2539,77,8,0
1143,2540,64,7,0
1144,2541,23,5,0
1145,2543,18,12,0
1146,2544,83,9,0
1147,2546,76,18,1
1148,2549,60,18,0
1149,2550,8,6,0
1150,2551,76,19,0
1151,2555,66,13,0
1152,2556,41,6,0
1153,2557,40,16,0
1154,2558,82,0,0
1155,2562,45,11,0
1156,2563,98,6,0
1157,2567,13,9,0
1158,2569,46,14,1
1159,2571,91,18,0
1160,2572,89,19,1
1161,2573,19,12,1
1162,2574,80,12,0
1163,2576,20,7,0
1164,2577,22,18,1
1165,2578,63,17,0
1166,2579,21,10,0
1167,2580,76,19,0
1168,2585,59,6,0
1169,2586,17,1,0
1170,2587,68,2,0
1171,2588,44,2,0
1172,2592,30,18,0
1173,2594,22,5,1
1174,2597,27,17,0
1175,2600,4,16,0
1176,2601,62,19,1
1177,2602,56,19,0
1178,2605,34,3,1
1179,2606,66,12,0
1180,2607,90,9,0
1181,2612,46,6,0
1182,2613,61,10,0
1183,2617,88,13,1
1184,2623,34,13,0
1185,2625,31,14,0
1186,2629,69,6,0
1187,2630,35,6,1
1188,2633,32,16,1
1189,2634,61,2,0
1190,2637,92,8,0
1191,2639,42,2,0
1192,2640,75,5,0
1193,2643,24,14,1
1194,2644,64,16,0
1195,2645,14,6,0
1196,2647,44,11,0
1197,2650,71,2,0
1198,2652,51,3,0
1199,2654,91,10,0
1200,2659,7,5,1
1201,2663,47,14,0
1202,2664,32,17,0
1203,2665,41,10,0
1204,2668,71,11,0
1205,2671,27,2,0
1206,2672,20,18,0
1207,2675,47,17,0
1208,2680,59,11,0
1209,2682,48,7,0
1210,2685,94,19,0
1211,2691,80,10,0
1212,2693,90,14,0
1213,2694,84,8,0
1214,2695,68,3,0
1215,2696,68,1,0
1216,2701,98,2,0
1217,2702,98,18,1
1218,2705,42,10,0
1219,2708,7,3,0
1220,2709,54,1,0
1221,2710,22,17,0
1222,2711,70,6,0
1223,2714,98,19,0
1224,2716,28,6,0
1225,2717,49,13,0
1226,2719,42,0,0
1227,2720,12,4,1
1228,2722,44,4,0
1229,2727,2,19,0
1230,2729,42,13,0
1231,2732,98,12,0
1232,2734,75,16,0
1233,2735,66,0,0
1234,2737,16,0,0
1235,2740,1,7,1
1236,2741,28,13,0
1237,2743,33,19,1
1238,2744,17,18,0
1239,2746,1,11,0
1240,2747,22,6,0
1241,2749,32,9,0
1242,2755,49,1,0
1243,2758,4,3,0
1244,2768,34,2,0
1245,2769,18,16,1
1246,2771,21,18,0
1247,2774,96,8,0
1248,2775,98,16,0
1249,2776,13,15,0
1250,2778,1,5,0
1251,2781,50,15,0
1252,2785,63,12,0
1253,2788,14,6,0
1254,2789,53,4,0
1255,2794,21,19,0
1256,2796,13,5,0
1257,2799,66,8,0
1258,2805,98,16,0
1259,2807,96,2,0
1260,2808,37,12,0
1261,2812,76,1,0
1262,2816,66,8,0
1263,2820,93,6,0
1264,2822,74,18,0
1265,2824,42,8,0
1266,2826,64,7,0
1267,2827,73,11,0
1268,2832,92,14,0
1269,2833,6,5,0
1270,2834,54,4,0
1271,2835,46,11,0
1272,2839,82,14,0
1273,2840,15,6,0
1274,2845,28,11,1
1275,2846,7,0,1
1276,2850,59,15,0
1277,2852,53,18,0
1278,2854,57,3,0
1279,2859,32,8,0
1280,2864,13,15,0
1281,2865,78,18,0
1282,2877,2,3,0
1283,2878,46,13,0
1284,2879,8,5,1
1285,2890,83,12,0
1286,2891,78,7,0
1287,2893,20,16,1
1288,2894,44,10,0
1289,2895,51,15,0
1290,2902,72,1,0
1291,2904,95,0,0
1292,2905,21,0,0
1293,2908,6,2,0
1294,2912,79,7,0
1295,2915,25,3,0
1296,2917,78,12,0
1297,2918,91,4,0
1298,2919,23,10,1
1299,2920,24,2,1
1300,2922,90,4,0
1301,2927,86,2,0
1302,2932,84,15,0
1303,2934,57,9,0
1304,2935,51,2,0
1305,2936,50,5,0
1306,2940,26,8,1
1307,2942,18,12,1
1308,2945,17,11,1
1309,2950,49,16,1
1310,2952,31,3,0
1311,2953,82,17,0
1312,2957,99,16,0
1313,2958,86,12,1
1314,2959,10,0,1
1315,2966,69,13,0
1316,2967,35,12,1
1317,2970,93,10,0
1318,2975,72,16,1
1319,2980,44,18,0
1320,2981,65,6,0
1321,2983,58,8,0
1322,2987,1,14,1
1323,2988,79,13,0
1324,2990,26,17,0
1325,2993,26,15,0
1326,2996,6,17,0
1327,3004,53,7,0
1328,3007,97,0,0
1329,3008,45,12,0
1330,3010,32,12,0
1331,3011,55,6,0
1332,3012,56,13,1
1333,3015,69,8,0
1334,3020,93,10,0
1335,3021,48,11,0
1336,3022,57,0,0
1337,3023,75,10,0
1338,3024,2,13,0
1339,3025,70,13,0
1340,3026,61,4,0
1341,3029,77,2,1
1342,3030,55,1,0
1343,3033,88,2,0
1344,3035,13,8,0
1345,3036,7,5,0
1346,3037,78,2,0
1347,3038,59,1,0
1348,3039,26,3,1
1349,3041,43,12,0
1350,3043,76,9,0
1351,3046,85,7,1
1352,3053,92,10,0
1353,3055,86,14,0
1354,3057,75,3,0
1355,3059,3,12,0
1356,3061,19,11,0
1357,3062,26,3,0
1358,3064,99,5,0
1359,3066,27,7,1
1360,3068,75,2,0
1361,3069,38,1,0
1362,3071,87,2,0
1363,3076,78,3,0
1364,3078,9,6,0
1365,3079,13,17,0
1366,3082,46,14,1
1367,3084,15,6,0
1368,3085,99,19,0
1369,3086,84,4,1
1370,3088,3,14,0
1371,3089,50,1,0
1372,3090,93,16,0
1373,3091,53,13,0
1374,3092,63,4,0
1375,3099,54,12,0
1376,3100,1,3,1
1377,3105,56,17,0
1378,3108,49,2,0
1379,3110,26,9,0
1380,3114,11,5,0
1381,3115,76,15,0
1382,3118,35,3,0
1383,3119,39,11,0
1384,3120,80,8,0
1385,3121,7,5,1
1386,3123,53,5,0
1387,3124,79,9,0
1388,3127,75,18,0
1389,3128,78,10,0
1390,3129,16,10,0
1391,3131,91,5,0
1392,3132,26,3,0
1393,3134,24,15,0
1394,3135,63,3,0
1395,3137,46,18,0
1396,3138,5,9,0
1397,3142,87,6,0
1398,3148,69,2,0
1399,3152,15,14,1
1400,3153,75,13,0
1401,3155,44,8,0
1402,3157,80,9,0
1403,3159,62,3,0
1404,3161,69,4,0
1405,3162,70,8,0
1406,3164,10,9,0
1407,3165,9,15,0
1408,3166,43,8,0
1409,3168,27,9,0
1410,3172,66,13,1
1411,3173,9,2,0
1412,3174,60,10,0
1413,3176,80,19,0
1414,3177,4,18,0
1415,3179,96,4,0
1416,3184,86,19,0
1417,3185,6,4,0
1418,3186,62,9,0
1419,3188,50,18,0
1420,3190,63,1,0
1421,3197,75,15,0
1422,3199,65,4,0
1423,3201,20,19,1
1424,3202,78,0,0
1425,3204,30,13,0
1426,3205,88,6,0
1427,3206,43,3,0
1428,3208,15,19,0
1429,3211,81,18,0
1430,3212,65,12,0
1431,3216,88,4,0
1432,3225,33,14,1
1433,3226,47,5,0
1434,3228,62,1,0
1435,3233,65,8,0
1436,3235,19,2,0
1437,3236,15,2,0
1438,3238,59,0,0
1439,3239,83,6,0
1440,3240,28,10,0
1441,3243,18,15,0
1442,3247,77,12,0
1443,3248,18,7,0
1444,3250,19,1,1
1445,3256,23,17,0
1446,3259,49,1,0
1447,3263,84,4,0
1448,3264,83,6,0
1449,3265,43,14,0
1450,3267,98,19,0
1451,3275,95,18,0
1452,3276,8,5,0
1453,3277,50,4,0
1454,3280,40,3,0
1455,3282,16,19,1
1456,3283,97,8,0
1457,3285,48,11,1
1458,3287,7,15,1
1459,3289,57,14,0
1460,3290,72,13,0
1461,3291,95,8,0
1462,3293,39,16,0
1463,3294,44,14,0
1464,3295,38,0,1
1465,3296,43,4,0
1466,3298,75,9,0
1467,3299,75,2,0
1468,3300,84,6,0
1469,3301,88,3,0
1470,3306,53,14,0
1471,3307,34,1,0
1472,3309,75,4,0
1473,3310,13,12,0
1474,3311,79,17,0
1475,3313,75,15,0
1476,3314,69,13,1
1477,3317,21,7,0
1478,3322,62,9,0
1479,3323,77,11,0
1480,3325,29,0,0
1481,3326,21,1,0
1482,3327,87,17,0
1483,3329,43,4,0
1484,3332,20,12,1
1485,3333,34,12,1
1486,3335,37,13,1
1487,3337,55,15,0
1488,3340,57,3,0
1489,3341,10,6,0
1490,3342,94,0,1
1491,3343,56,0,0
1492,3347,62,5,0
1493,3352,15,12,1
1494,3353,49,4,0
1495,3354,43,9,0
1496,3355,2,17,1
1497,3356,66,16,0
1498,3357,71,8,0
1499,3360,56,7,0
1500,3361,4,3,1
1501,3362,40,5,0
1502,3363,21,16,0
1503,3364,10,17,0
1504,3365,39,1,0
1505,3369,43,2,0
1506,3370,99,16,0
1507,3371,53,1,0
1508,3372,11,19,0
1509,3377,29,0,0
1510,3380,21,0,0
1511,3382,9,14,0
1512,3386,35,0,1
1513,3387,51,4,0
1514,3391,26,9,0
1515,3393,70,13,1
1516,3394,87,8,0
1517,3395,82,16,1
1518,3400,98,12,0
1519,3401,30,15,0
1520,3403,67,19,1
1521,3405,42,7,0
1522,3406,76,11,1
1523,3407,58,5,0
1524,3412,71,2,0
1525,3414,70,14,1
1526,3418,65,1,0
1527,3419,73,15,0
1528,3420,49,7,1
1529,3421,63,9,0
1530,3422,41,0,0
1531,3423,28,4,0
1532,3426,86,15,0
1533,3430,98,7,0
1534,3434,51,19,1
1535,3436,74,12,1
1536,3440,58,17,1
1537,3441,18,7,1
1538,3442,40,15,0
1539,3443,22,12,0
1540,3447,7,14,1
1541,3450,66,9,0
1542,3451,74,0,0
1543,3453,97,4,0
1544,3454,72,1,0
1545,3455,22,10,0
1546,3456,50,8,0
1547,3457,70,6,0
1548,3458,77,4,0
1549,3459,2,3,0
1550,3462,19,19,0
1551,3463,31,6,0
1552,3464,77,16,0
1553,3467,77,1,0
1554,3469,79,11,0
1555,3471,81,1,0
1556,3472,71,1,0
1557,3478,28,19,0
1558,3479,63,14,0
1559,3481,33,14,0
1560,3485,5,7,0
1561,3486,16,12,1
1562,3489,59,11,0
1563,3490,64,16,1
1564,3491,4,11,1
1565,3494,59,11,0
1566,3497,96,15,0
1567,3499,34,4,0
1568,3500,55,4,0
1569,3503,78,11,0
1570,3509,3,15,0
1571,3511,61,14,0
1572,3514,18,18,0
1573,3515,8,2,0
1574,3517,64,16,0
1575,3518,85,19,0
1576,3519,53,15,0
1577,3521,54,3,0
1578,3523,48,6,0
1579,3524,49,16,0
1580,3525,6,17,0
1581,3527,46,17,1
1582,3529,41,5,0
1583,3532,73,14,0
1584,3533,58,17,0
1585,3535,92,12,0
1586,3539,49,12,1
1587,3540,79,2,0
1588,3541,70,4,0
1589,3543,68,14,0
1590,3546,7,7,0
1591,3549,30,18,1
1592,3550,31,19,1
1593,3554,55,4,0
1594,3555,59,15,0
1595,3556,69,0,0
1596,3557,52,4,0
1597,3558,86,12,0
1598,3559,73,6,0
1599,3560,71,0,0
1600,3561,68,6,0
1601,3562,52,3,0
1602,3563,27,1,0
1603,3564,18,17,1
1604,3565,9,5,0
1605,3569,17,4,0
1606,3571,5,19,1
1607,3576,86,16,0
1608,3577,58,1,1
1609,3582,38,7,0
1610,3583,29,4,0
1611,3585,76,17,1
1612,3586,67,9,0
1613,3589,94,12,1
1614,3593,25,12,0
1615,3595,69,16,0
1616,3596,69,11,1
1617,3597,9,2,0
1618,3599,84,9,0
1619,3606,60,2,0
1620,3607,68,6,0
1621,3608,93,5,0
1622,3609,95,4,0
1623,3610,2,15,0
1624,3615,98,10,0
1625,3616,91,4,0
1626,3621,31,6,0
1627,3622,39,11,1
1628,3623,57,0,0
1629,3624,92,7,0
1630,3628,9,3,0
1631,3629,79,15,0
1632,3630,11,16,0
1633,3632,29,18,1
1634,3639,14,16,1
1635,3641,11,1,0
1636,3642,58,15,0
1637,3645,41,18,0
1638,3646,79,4,0
1639,3647,95,16,0
1640,3651,21,13,1
1641,3653,37,2,0
1642,3654,35,13,0
1643,3655,91,16,0
1644,3659,91,15,0
1645,3660,86,19,0
1646,3664,98,16,1
1647,3665,55,11,0
1648,3666,3,9,0
1649,3670,59,4,0
1650,3677,67,5,0
1651,3681,20,9,0
1652,3685,7,8,0
1653,3688,38,8,0
1654,3689,33,8,0
1655,3690,86,13,0
1656,3695,15,4,0
1657,3696,15,18,0
1658,3698,95,15,1
1659,3699,54,3,0
1660,3700,94,16,0
1661,3705,32,10,0
1662,3706,63,17,0
1663,3707,28,5,0
1664,3708,99,18,0
1665,3710,39,7,0
1666,3711,67,0,0
1667,3712,34,6,1
1668,3715,92,17,0
1669,3717,61,15,0
1670,3718,55,13,0
1671,3719,61,1,0
1672,3722,13,18,0
1673,3723,82,5,0
1674,3724,86,11,1
1675,3725,50,10,0
1676,3726,22,13,1
1677,3727,32,6,0
1678,3729,87,17,0
1679,3732,10,11,1
1680,3735,15,5,0
1681,3736,16,5,0
1682,3739,74,7,0
1683,3741,32,8,0
1684,3744,96,2,0
1685,3747,54,17,0
1686,3748,73,16,0
1687,3749,84,11,1
1688,3751,39,7,1
1689,3753,7,14,0
1690,3754,95,8,1
1691,3757,92,17,0
1692,3760,3,4,1
1693,3763,62,10,0
1694,3764,66,18,0
1695,3765,51,10,0
1696,3766,69,12,1
1697,3767,69,6,0
1698,3768,5,10,0
1699,3770,11,15,1
1700,3773,85,16,0
1701,3779,70,14,0
1702,3780,53,10,0
1703,3781,38,7,0
1704,3783,97,4,0
1705,3786,20,18,0
1706,3788,91,9,0
1707,3789,39,11,0
1708,3793,27,14,0
1709,3795,37,10,1
1710,3796,93,17,1
1711,3797,82,2,0
1712,3799,8,3,0
1713,3803,21,6,0
1714,3806,80,5,0
1715,3808,96,19,0
1716,3809,24,2,0
1717,3810,90,11,0
1718,3813,96,9,0
1719,3818,18,14,1
1720,3819,48,0,0
1721,3821,47,15,0
1722,3823,22,10,0
1723,3824,51,3,0
1724,3825,84,19,1
1725,3826,93,2,0
1726,3837,64,4,0
1727,3840,77,4,0
1728,3842,60,12,1
1729,3845,97,2,0
1730,3846,38,8,0
1731,3848,41,19,0
1732,3850,54,3,0
1733,3851,87,7,0
1734,3852,87,13,0
1735,3853,7,15,0
1736,3854,39,5,1
1737,3856,12,4,0
1738,3858,23,3,0
1739,3860,74,14,1
1740,3861,32,8,0
1741,3862,68,14,1
1742,3864,63,14,0
1743,3866,63,5,0
1744,3867,56,13,0
1745,3868,86,6,0
1746,3871,31,3,1
1747,3873,70,8,0
1748,3875,23,14,0
1749,3876,14,3,0
1750,3878,82,8,0
1751,3880,5,2,0
1752,3882,76,19,0
1753,3889,97,1,0
1754,3891,17,14,1
1755,3893,33,8,0
1756,3894,46,15,1
1757,3900,70,8,0
1758,3901,61,6,0
1759,3902,95,5,0
1760,3903,85,17,0
1761,3904,29,15,1
1762,3906,42,0,0
1763,3907,86,11,0
1764,3909,72,8,0
1765,3910,97,11,0
1766,3911,5,19,1
1767,3912,70,3,0
1768,3914,69,6,0
1769,3915,98,6,0
1770,3917,17,3,0
1771,3918,43,9,0
1772,3919,45,0,1
1773,3923,9,3,1
1774,3924,42,0,0
1775,3927,63,15,0
1776,3928,35,18,0
1777,3933,29,11,1
1778,3934,9,19,1
1779,3935,29,11,1
1780,3938,47,15,0
1781,3939,91,10,0
1782,3942,80,0,0
1783,3943,30,0,0
1784,3944,81,17,0
1785,3948,59,4,0
1786,3952,49,18,0
1787,3954,35,19,1
1788,3955,82,12,0
1789,3957,73,8,0
1790,3959,41,11,0
1791,3961,86,7,0
1792,3963,29,1,1
1793,3966,42,1,0
1794,3967,9,17,1
1795,3969,46,19,0
1796,3973,24,17,1
1797,3977,3,3,0
1798,3979,93,7,0
1799,3981,22,4,1
1800,3982,86,5,0
1801,3983,90,7,0
1802,3985,4,3,0
1803,3987,66,2,0
1804,3993,3,13,0
1805,3994,19,11,0
1806,3998,50,8,0
1807,4002,27,14,0
1808,4003,47,18,0
1809,4005,21,11,1
1810,4006,93,14,0
1811,4010,50,0,0
1812,4012,58,0,0
1813,4016,97,17,0
1814,4023,52,12,0
1815,4024,45,17,0
1816,4027,4,16,1
1817,4029,52,18,0
1818,4030,34,16,0
1819,4031,55,16,1
1820,4034,92,7,0
1821,4036,20,7,1
1822,4037,96,4,0
1823,4038,10,18,1
1824,4040,13,7,1
1825,4043,25,14,0
1826,4044,97,5,0
1827,4045,28,3,0
1828,4047,39,9,0
1829,4049,53,10,0
1830,4050,41,12,0
1831,4051,28,14,1
1832,4053,1,9,1
1833,4056,68,5,0
1834,4058,51,4,0
1835,4061,58,15,0
1836,4063,63,13,0
1837,4066,21,19,0
1838,4070,38,19,0
1839,4072,91,5,0
1840,4073,72,10,0
1841,4074,16,15,0
1842,4077,76,11,0
1843,4080,62,3,0
1844,4081,5,13,0
1845,4084,23,1,0
1846,4085,71,18,0
1847,4087,53,7,0
1848,4088,85,12,0
1849,4091,29,3,0
1850,4094,2,18,1
1851,4095,71,12,0
1852,4101,88,6,0
1853,4103,21,14,0
1854,4106,65,19,0
1855,4108,23,10,0
1856,4110,8,3,0
1857,4113,56,3,0
1858,4114,9,14,0
1859,4115,58,6,0
1860,4116,13,8,0
1861,4118,21,2,0
1862,4119,7,15,0
1863,4120,76,1,0
1864,4122,12,14,0
1865,4124,87,15,0
1866,4125,88,8,0
1867,4128,68,6,0
1868,4129,67,19,0
1869,4138,46,17,0
1870,4143,31,3,1
1871,4147,87,1,0
1872,4156,70,14,0
1873,4157,26,10,1
1874,4162,5,2,0
1875,4164,11,1,0
1876,4165,98,15,0
1877,4166,82,11,0
1878,4169,10,9,1
1879,4170,93,10,0
1880,4171,42,3,0
1881,4174,60,2,0
1882,4175,38,7,0
1883,4181,19,14,1
1884,4182,33,7,0
1885,4183,30,19,1
1886,4185,49,7,0
1887,4186,87,6,0
1888,4189,86,9,0
1889,4192,16,19,0
1890,4194,88,11,0
1891,4198,16,17,0
1892,4199,81,19,0
1893,4202,31,10,0
1894,4203,14,19,0
1895,4204,46,7,0
1896,4206,73,18,0
1897,4207,34,3,1
1898,4208,72,8,0
1899,4218,10,18,0
1900,4220,9,6,0
1901,4221,75,7,0
1902,4222,64,15,0
1903,4226,10,10,0
1904,4229,61,18,0
1905,4234,43,13,0
1906,4236,6,12,1
1907,4238,83,9,0
1908,4240,77,2,0
1909,4244,18,0,1
1910,4247,18,16,0
1911,4248,22,19,0
1912,4252,21,3,1
1913,4253,80,1,0
1914,4256,59,9,0
1915,4259,11,7,0
1916,4261,34,15,1
1917,4264,31,10,1
1918,4267,13,3,0
1919,4269,54,2,1
1920,4270,93,18,0
1921,4272,2,6,1
1922,4273,35,9,1
1923,4276,67,10,0
1924,4278,22,1,0
1925,4279,82,14,1
1926,4281,29,12,1
1927,4282,50,2,0
1928,4283,14,15,0
1929,4284,54,3,0
1930,4285,41,7,0
1931,4286,15,17,1
1932,4293,73,6,0
1933,4294,37,9,0
1934,4296,91,9,0
1935,4298,35,19,1
1936,4301,69,5,0
1937,4302,47,2,0
1938,4303,91,7,0
1939,4307,76,9,0
1940,4308,97,19,0
1941,4309,61,11,0
1942,4310,23,8,0
1943,4313,57,9,0
1944,4314,79,7,1
1945,4318,74,11,0
1946,4319,84,1,0
1947,4320,39,3,1
1948,4321,78,3,0
1949,4322,13,4,0
1950,4331,61,3,0
1951,4332,60,2,0
1952,4333,67,0,1
1953,4335,79,13,0
1954,4336,50,7,0
1955,4338,94,11,1
1956,4340,68,7,0
1957,4341,30,19,1
1958,4350,4,9,0
1959,4351,77,18,1
1960,4355,63,10,0
1961,4356,1,0,0
1962,4359,69,17,1
1963,4360,69,16,0
1964,4361,16,14,0
1965,4362,32,11,0
1966,4363,71,17,0
1967,4365,71,9,0
1968,4366,8,17,0
1969,4369,1,4,1
1970,4372,39,6,0
1971,4373,54,4,0
1972,4374,98,13,1
1973,4375,7,4,0
1974,4376,44,18,0
1975,4377,70,9,0
1976,4378,73,12,1
1977,4382,32,5,0
1978,4384,55,4,0
1979,4386,73,4,0
1980,4388,79,6,0
1981,4391,46,11,0
1982,4392,9,16,0
1983,4393,31,8,0
1984,4395,65,0,0
1985,4398,84,9,0
1986,4399,39,12,0
1987,4408,25,18,1
1988,4409,36,1,0
1989,4410,32,16,0
1990,4411,11,13,0
1991,4413,85,5,0
1992,4417,58,6,0
1993,4419,39,3,0
1994,4420,26,9,0
1995,4421,34,0,0
1996,4422,14,19,0
1997,4426,7,12,0
1998,4430,9,0,0
1999,4434,36,7,1
2000,4436,91,0,0
2001,4438,67,3,0
2002,4442,65,9,0
2003,4443,59,8,1
2004,4444,26,15,0
2005,4450,7,5,0
2006,4451,50,2,0
2007,4452,87,2,0
2008,4453,11,0,0
2009,4456,30,4,1
2010,4458,84,4,0
2011,4459,27,12,0
2012,4460,53,18,0
2013,4462,70,16,0
2014,4464,66,4,0
2015,4467,40,14,1
2016,4469,85,7,0
2017,4470,67,2,0
2018,4472,94,4,0
2019,4474,28,17,0
2020,4476,48,17,0
2021,4478,48,3,0
2022,4479,62,16,0
2023,4480,58,19,1
2024,4481,26,8,0
2025,4483,73,5,0
2026,4487,79,7,0
2027,4490,8,3,0
2028,4492,77,0,0
2029,4494,77,13,0
2030,4495,11,12,1
2031,4497,1,7,1
2032,4500,99,16,0
2033,4501,38,0,0
2034,4502,16,19,0
2035,4505,12,4,0
2036,4507,97,13,0
2037,4510,11,9,0
2038,4511,52,1,0
2039,4512,45,0,0
2040,4514,59,15,0
2041,4515,56,13,0
2042,4522,6,16,1
2043,4524,75,13,0
2044,4526,18,6,1
2045,4527,79,3,0
2046,4530,41,18,1
2047,4531,48,11,0
2048,4532,58,11,0
2049,4534,59,1,0
2050,4535,40,5,0
2051,4536,20,12,0
2052,4540,55,0,0
2053,4549,25,9,0
2054,4552,80,18,0
2055,4558,27,5,0
2056,4560,87,15,1
2057,4561,68,11,0
2058,4562,94,18,0
2059,4563,80,1,0
2060,4565,92,14,1
2061,4566,31,7,0
2062,4567,25,18,0
2063,4568,56,2,0
2064,4570,87,11,0
2065,4571,82,0,0
2066,4572,88,13,0
2067,4574,5,3,0
2068,4576,64,19,1
2069,4582,91,0,0
2070,4584,41,0,0
2071,4587,88,12,0
2072,4588,20,8,0
2073,4589,30,16,1
2074,4591,36,1,0
2075,4595,29,8,0
2076,4599,60,11,1
2077,4600,34,12,0
2078,4602,64,10,0
2079,4603,28,10,0
2080,4607,77,14,1
2081,4608,86,6,0
2082,4610,96,18,0
2083,4612,80,3,0
2084,4622,46,10,0
2085,4625,52,7,0
2086,4629,11,18,1
2087,4634,52,13,1
2088,4637,59,19,0
2089,4638,92,18,1
2090,4639,7,0,0
2091,4640,47,5,0
2092,4645,74,5,0
2093,4646,98,5,0
2094,4648,27,8,0
2095,4649,48,9,0
2096,4651,94,4,0
2097,4652,5,18,0
2098,4655,40,14,0
2099,4658,15,8,0
2100,4660,58,6,0
2101,4661,59,10,1
2102,4663,65,10,0
2103,4665,97,12,0
2104,4666,60,13,0
2105,4669,84,14,0
2106,4671,1,5,0
2107,4674,73,12,0
2108,4675,35,16,0
2109,4677,13,17,0
2110,4679,32,2,1
2111,4683,18,0,0
2112,4685,73,8,0
2113,4686,21,4,0
2114,4690,92,19,1
2115,4691,38,10,0
2116,4692,90,4,0
2117,4695,48,5,0
2118,4696,66,12,0
2119,4697,60,14,0
2120,4700,40,6,0
2121,4701,33,9,1
2122,4703,42,3,0
2123,4705,78,13,0
2124,4708,38,11,1
2125,4710,57,4,0
2126,4711,37,11,0
2127,4712,47,11,0
2128,4713,95,13,0
2129,4714,70,17,0
2130,4717,13,11,0
2131,4719,34,11,0
2132,4721,10,5,0
2133,4722,12,9,0
2134,4723,52,19,0
2135,4724,46,17,0
2136,4725,36,16,0
2137,4727,54,15,0
2138,4728,79,8,0
2139,4729,97,6,0
2140,4735,69,19,0
2141,4737,31,6,0
2142,4748,35,0,1
2143,4750,76,19,0
2144,4751,7,5,0
2145,4752,95,0,0
2146,4756,12,7,1
2147,4757,98,1,0
2148,4759,73,19,1
2149,4766,54,11,0
2150,4767,97,6,0
2151,4768,36,15,0
2152,4774,62,2,0
2153,4776,8,19,1
2154,4777,92,0,0
2155,4779,93,19,0
2156,4780,96,13,0
2157,4784,72,15,0
2158,4786,48,15,0
2159,4787,63,7,0
2160,4788,37,9,1
2161,4789,71,7,0
2162,4791,36,3,0
2163,4792,98,2,0
2164,4797,39,4,0
2165,4799,65,8,0
2166,4800,9,19,0
2167,4803,16,1,0
2168,4804,69,14,0
2169,4806,12,13,0
2170,4810,91,7,0
2171,4814,49,5,0
2172,4817,72,1,0
2173,4821,80,5,0
2174,4826,59,8,0
2175,4827,61,9,0
2176,4835,74,11,0
2177,4836,82,14,0
2178,4837,80,2,0
2179,4839,14,18,1
2180,4843,84,11,1
2181,4846,70,0,0
2182,4847,39,10,1
2183,4849,69,3,0
2184,4850,70,4,0
2185,4852,61,16,0
2186,4853,55,5,0
2187,4857,97,17,0
2188,4859,79,7,0
2189,4861,52,7,0
2190,4863,82,1,0
2191,4868,44,4,0
2192,4869,37,0,0
2193,4875,14,7,0
2194,4877,41,0,0
2195,4881,99,11,0
2196,4884,34,19,0
2197,4886,6,19,0
2198,4887,19,10,1
2199,4889,48,17,1
2200,4892,15,10,1
2201,4893,5,12,0
2202,4896,21,12,1
2203,4898,17,12,0
2204,4900,13,13,0
2205,4901,75,19,0
2206,4902,92,0,0
2207,4904,93,7,0
2208,4907,42,2,0
2209,4908,17,0,0
2210,4909,11,14,0
2211,4910,52,15,0
2212,4915,85,0,0
2213,4917,68,5,0
2214,4918,37,13,0
2215,4919,97,5,0
2216,4921,10,16,1
2217,4928,32,3,1
2218,4930,93,1,0
2219,4931,86,13,0
2220,4932,53,6,0
2221,4933,61,0,0
2222,4934,65,8,0
2223,4935,4,5,0
2224,4937,18,9,0
2225,4941,9,11,1
2226,4943,28,18,0
2227,4944,28,6,0
2228,4948,11,1,1
2229,4949,81,16,0
2230,4951,21,10,0
2231,4953,43,3,0
2232,4955,89,0,0
2233,4957,96,1,0
2234,4958,58,8,0
2235,4959,7,0,0
2236,4963,18,1,0
2237,4964,11,1,1
2238,4965,42,1,0
2239,4966,50,8,0
2240,4971,11,9,0
2241,4972,4,5,0
2242,4974,86,3,0
2243,4977,81,3,0
2244,4978,32,5,0
2245,4979,15,14,1
2246,4980,77,1,1
2247,4981,71,16,0
2248,4986,22,14,1
2249,4987,93,17,0
2250,4989,99,9,0
2251,4991,28,14,0
2252,4994,63,12,0
2253,4995,93,14,0
2254,4996,75,15,0
2255,4997,98,17,0
2256,4998,56,4,0
2257,4999,26,1,0
2258,5002,26,5,0
2259,5003,12,8,1
2260,5004,69,11,1
2261,5005,36,2,0
2262,5007,58,15,0
2263,5009,89,18,0
2264,5010,65,18,0
2265,5011,96,15,0
2266,5016,52,16,1
2267,5017,81,19,0
2268,5020,57,12,0
2269,5021,83,19,1
2270,5026,85,8,0
2271,5027,54,1,0
2272,5028,57,19,0
2273,5030,27,5,0
2274,5031,43,4,0
2275,5032,98,5,0
2276,5034,81,8,0
2277,5036,61,13,0
2278,5037,63,1,0
2279,5038,13,6,0
2280,5041,5,12,0
2281,5044,76,0,0
2282,5045,20,19,1
2283,5049,90,1,0
2284,5053,5,3,0
2285,5055,74,11,0
2286,5058,91,9,0
2287,5059,19,1,0
2288,5064,54,19,0
2289,5067,49,7,0
2290,5070,66,9,0
2291,5071,88,7,0
2292,5076,34,6,0
2293,5078,46,7,0
2294,5080,49,8,0
2295,5081,56,15,0
2296,5083,28,12,0
2297,5085,73,4,0
2298,5087,41,19,0
2299,5088,41,2,0
2300,5091,14,17,0
2301,5092,49,7,0
2302,5098,44,0,0
2303,5099,75,2,0
2304,5101,7,1,0
2305,5102,14,2,0
2306,5103,82,17,1
2307,5108,71,17,0
2308,5109,89,5,0
2309,5112,97,11,0
2310,5114,35,17,1
2311,5116,44,14,0
2312,5118,91,19,0
2313,5120,16,14,1
2314,5122,96,3,1
2315,5130,96,5,0
2316,5131,65,12,0
2317,5132,94,9,0
2318,5138,79,19,0
2319,5145,34,13,0
2320,5146,47,13,0
2321,5147,61,19,1
2322,5149,52,10,0
2323,5150,37,6,0
2324,5156,62,6,0
2325,5157,98,2,0
2326,5159,41,8,0
2327,5161,75,15,0
2328,5164,2,3,0
2329,5166,40,1,0
2330,5167,83,2,0
2331,5172,28,11,0
2332,5173,86,6,0
2333,5176,57,15,0
2334,5178,96,16,1
2335,5184,34,1,0
2336,5186,37,1,0
2337,5187,76,3,0
2338,5189,29,8,0
2339,5190,49,18,0
2340,5192,50,17,1
2341,5193,50,19,0
2342,5195,53,11,0
2343,5200,27,17,0
2344,5201,51,5,0
2345,5202,56,7,1
2346,5204,48,19,0
2347,5208,81,9,0
2348,5210,53,15,0
2349,5211,48,0,0
2350,5212,74,19,1
2351,5217,88,12,1
2352,5219,8,0,0
2353,5224,29,6,0
2354,5227,1,18,1
2355,5231,70,15,0
2356,5232,57,12,1
2357,5236,41,1,0
2358,5238,16,6,0
2359,5241,70,5,0
2360,5243,10,17,0
2361,5244,53,3,0
2362,5246,53,18,0
2363,5247,19,17,0
2364,5251,10,19,1
2365,5252,53,10,0
2366,5256,55,12,0
2367,5259,17,8,1
2368,5262,95,1,0
2369,5265,67,6,0
2370,5268,70,13,0
2371,5271,99,2,0
2372,5275,11,10,1
2373,5277,25,19,1
2374,5278,19,18,1
2375,5280,39,11,1
2376,5281,3,4,1
2377,5283,20,13,0
2378,5284,55,10,0
2379,5288,74,19,0
2380,5289,57,10,1
2381,5290,50,14,0
2382,5293,51,12,0
2383,5294,34,5,0
2384,5295,25,17,0
2385,5302,40,14,0
2386,5303,71,1,0
2387,5305,93,0,0
2388,5311,99,6,0
2389,5316,61,8,0
2390,5318,29,4,1
2391,5320,43,13,1
2392,5323,2,6,0
2393,5328,8,11,0
2394,5329,52,13,0
2395,5334,73,11,0
2396,5335,22,15,0
2397,5336,69,14,0
2398,5340,78,17,0
2399,5343,74,1,0
2400,5344,93,19,1
2401,5348,35,1,0
2402,5349,14,8,0
2403,5350,79,2,0
2404,5351,59,0,0
2405,5354,5,2,0
2406,5355,7,6,1
2407,5357,19,2,0
2408,5359,77,10,0
2409,5360,71,12,1
2410,5363,18,11,0
2411,5365,63,8,0
2412,5366,26,12,1
2413,5367,23,16,1
2414,5369,18,2,0
2415,5371,30,4,1
2416,5372,75,12,0
2417,5373,72,8,0
2418,5374,80,7,0
2419,5376,67,1,0
2420,5377,16,2,0
2421,5381,64,12,0
2422,5383,61,11,0
2423,5385,78,2,0
2424,5387,66,16,0
2425,5389,5,8,1
2426,5391,69,14,0
2427,5393,43,1,0
2428,5395,70,19,1
2429,5397,15,8,1
2430,5399,31,9,0
2431,5400,9,19,0
2432,5401,7,11,1
2433,5402,8,7,0
2434,5403,45,14,0
2435,5404,61,3,0
2436,5410,12,12,0
2437,5412,7,16,0
2438,5413,98,10,0
2439,5414,70,0,0
2440,5415,96,3,0
2441,5420,85,13,0
2442,5427,95,14,0
2443,5429,64,14,0
2444,5430,35,8,0
2445,5433,99,8,0
2446,5434,95,3,0
2447,5435,46,18,0
2448,5437,76,6,0
2449,5441,19,17,1
2450,5442,38,18,0
2451,5445,12,5,0
2452,5448,71,16,0
2453,5449,9,0,1
2454,5450,74,5,0
2455,5451,5,12,1
2456,5453,21,0,1
2457,5455,76,6,0
2458,5457,12,10,1
2459,5459,5,15,0
2460,5460,32,14,0
2461,5461,39,10,0
2462,5462,33,18,1
2463,5463,25,8,0
2464,5464,24,2,0
2465,5466,5,3,0
2466,5467,35,12,0
2467,5469,71,6,0
2468,5470,6,1,1
2469,5471,55,9,0
2470,5472,11,3,0
2471,5475,88,9,0
2472,5477,86,8,0
2473,5478,12,18,1
2474,5479,77,16,1
2475,5482,95,4,0
2476,5483,77,13,0
2477,5490,61,18,0
2478,5492,41,16,0
2479,5495,39,3,0
2480,5496,58,15,0
2481,5501,69,2,0
2482,5504,80,15,0
2483,5505,67,14,0
2484,5506,84,7,0
2485,5509,64,4,0
2486,5512,84,11,0
2487,5513,75,1,0
2488,5514,8,0,0
2489,5517,22,19,0
2490,5519,8,7,1
2491,5522,10,6,0
2492,5523,66,5,0
2493,5526,68,5,0
2494,5528,70,5,0
2495,5529,52,15,0
2496,5530,91,11,0
2497,5534,20,11,0
2498,5537,56,4,0
2499,5538,32,10,0
2500,5539,59,1,0
2501,5541,13,16,1
2502,5542,77,18,0
2503,5543,3,9,0
2504,5548,72,14,1
2505,5557,89,17,0
2506,5558,86,4,0
2507,5561,22,17,1
2508,5564,65,8,0
2509,5570,66,10,0
2510,5573,29,18,0
2511,5576,75,9,0
2512,5578,10,8,1
2513,5584,19,1,0
2514,5585,4,1,1
2515,5587,56,0,0
2516,5588,1,16,1
2517,5590,58,7,0
2518,5592,5,4,0
2519,5593,52,12,1
2520,5596,93,5,0
2521,5598,98,14,1
2522,5599,35,6,0
2523,5608,36,19,0
2524,5609,12,0,0
2525,5611,28,14,1
2526,5613,5,15,0
2527,5614,90,5,0
2528,5616,15,17,1
2529,5617,82,4,0
2530,5618,77,17,1
2531,5619,98,11,1
2532,5622,6,10,0
2533,5628,99,16,1
2534,5633,38,11,1
2535,5634,5,0,0
2536,5635,48,11,0
2537,5636,75,0,0
2538,5641,84,14,0
2539,5642,54,13,0
2540,5644,81,19,0
2541,5647,39,11,1
2542,5648,52,17,0
2543,5649,67,5,0
2544,5651,81,1,0
2545,5652,40,9,0
2546,5654,38,16,0
2547,5655,18,10,0
2548,5672,57,6,0
2549,5674,29,16,0
2550,5675,24,1,0
2551,5676,18,13,0
2552,5677,46,8,0
2553,5678,57,5,0
2554,5682,60,1,0
2555,5684,23,0,1
2556,5685,11,19,1
2557,5688,19,14,0
2558,5689,79,11,0
2559,5691,97,16,1
2560,5692,54,9,0
2561,5693,42,14,0
2562,5697,88,8,0
2563,5698,52,0,0
2564,5704,57,3,0
2565,5705,95,12,0
2566,5706,66,2,1
2567,5708,48,1,0
2568,5709,97,16,0
2569,5712,27,8,0
2570,5717,30,6,0
2571,5719,29,16,0
2572,5722,47,13,0
2573,5723,7,7,0
2574,5725,31,1,1
2575,5726,26,8,0
2576,5727,99,14,0
2577,5729,19,3,0
2578,5730,35,11,1
2579,5731,65,12,0
2580,5732,19,18,0
2581,5733,95,0,0
2582,5735,2,5,0
2583,5737,3,12,0
2584,5738,13,2,1
2585,5742,62,15,0
2586,5743,42,1,0
2587,5744,83,19,0
2588,5748,88,10,0
2589,5749,67,7,0
2590,5750,90,7,0
2591,5753,71,9,0
2592,5757,76,15,0
2593,5759,92,2,1
2594,5760,64,8,0
2595,5761,39,4,1
2596,5763,87,10,0
2597,5765,47,13,0
2598,5769,16,6,0
2599,5770,80,4,0
2600,5774,66,13,0
2601,5776,76,13,1
2602,5777,21,12,1
2603,5782,43,4,0
2604,5783,47,12,0
2605,5784,39,1,0
2606,5785,96,13,0
2607,5786,87,19,1
2608,5787,36,19,1
2609,5791,58,8,0
2610,5792,12,19,1
2611,5797,66,8,0
2612,5802,22,18,1
2613,5803,99,6,0
2614,5806,81,15,1
2615,5808,84,8,0
2616,5811,66,11,0
2617,5813,47,11,0
2618,5814,37,16,1
2619,5819,90,3,0
2620,5822,76,4,0
2621,5824,12,6,0
2622,5825,20,12,1
2623,5826,94,14,1
2624,5827,50,2,0
2625,5829,25,16,0
2626,5832,3,14,1
2627,5835,4,7,1
2628,5838,10,12,0
2629,5841,32,1,0
2630,5842,20,4,1
2631,5845,72,13,1
2632,5852,91,2,0
2633,5853,58,0,0
2634,5854,26,16,0
2635,5857,83,5,0
2636,5858,3,19,0
2637,5860,72,16,0
2638,5862,45,13,0
2639,5865,33,19,0
2640,5866,2,6,0
2641,5869,57,17,0
2642,5870,43,7,0
2643,5871,55,9,0
2644,5873,11,12,0
2645,5874,20,5,0
2646,5876,98,8,0
2647,5877,45,10,0
2648,5883,37,1,1
2649,5887,57,7,0
2650,5888,4,9,1
2651,5889,78,7,0
2652,5892,14,10,0
2653,5893,44,0,0
2654,5894,63,16,1
2655,5900,10,6,0
2656,5901,10,14,1
2657,5903,95,7,0
2658,5904,13,2,0
2659,5909,17,18,1
2660,5910,87,4,0
2661,5911,68,8,0
2662,5913,98,19,0
2663,5914,7,16,1
2664,5915,79,4,0
2665,5916,93,16,0
2666,5917,24,2,0
2667,5919,92,11,0
2668,5923,96,6,0
2669,5924,10,17,1
2670,5927,11,1,0
2671,5928,24,12,0
2672,5930,35,10,0
2673,5933,41,6,0
2674,5938,55,1,0
2675,5941,14,7,0
2676,5942,66,4,0
2677,5950,14,3,0
2678,5957,69,16,0
2679,5958,75,14,0
2680,5959,13,2,0
2681,5962,1,16,0
2682,5967,61,0,0
2683,5971,16,17,1
2684,5974,31,4,1
2685,5975,2,17,1
2686,5976,48,12,0
2687,5977,61,16,0
2688,5982,85,7,0
2689,5985,69,12,0
2690,5986,6,16,0
2691,5987,3,13,1
2692,5994,66,19,0
2693,5995,71,19,0
2694,5996,9,19,0
2695,5998,66,8,0
2696,5999,42,17,0
2697,6002,98,1,0
2698,6004,26,9,0
2699,6006,23,0,0
2700,6009,13,18,0
2701,6010,35,16,0
2702,6012,78,7,0
2703,6013,82,17,0
2704,6015,69,15,0
2705,6017,65,0,0
2706,6022,77,12,1
2707,6023,23,12,0
2708,6025,24,2,0
2709,6026,48,3,0
2710,6028,40,9,0
2711,6029,16,8,0
2712,6030,83,10,0
2713,6031,17,14,1
2714,6032,55,6,0
2715,6035,94,3,0
2716,6037,41,13,0
2717,6041,18,17,1
2718,6042,91,5,0
2719,6043,88,17,1
2720,6048,84,2,0
2721,6049,5,12,1
2722,6051,19,19,1
2723,6052,9,1,0
2724,6062,59,17,0
2725,6063,79,10,0
2726,6064,32,11,0
2727,6065,6,19,1
2728,6066,76,6,0
2729,6069,58,19,0
2730,6071,58,15,0
2731,6072,13,12,1
2732,6073,71,12,1
2733,6074,60,7,0
2734,6077,62,3,0
2735,6082,65,3,0
2736,6083,99,17,0
2737,6085,83,1,0
2738,6091,29,2,0
2739,6092,19,19,0
2740,6093,35,6,1
2741,6094,89,2,0
2742,6096,94,19,0
2743,6097,32,4,1
2744,6104,49,10,0
2745,6105,63,18,0
2746,6106,19,5,0
2747,6115,55,19,0
2748,6118,35,7,0
2749,6119,52,11,0
2750,6123,75,4,0
2751,6124,27,19,1
2752,6126,71,7,0
2753,6127,75,18,0
2754,6129,70,3,0
2755,6130,38,9,0
2756,6134,73,13,1
2757,6135,22,14,1
2758,6136,84,11,0
2759,6138,90,12,0
2760,6143,19,6,1
2761,6146,64,2,0
2762,6153,44,16,0
2763,6154,9,17,1
2764,6156,88,9,0
2765,6162,98,4,0
2766,6163,25,11,1
2767,6165,6,10,0
2768,6166,33,15,1
2769,6169,32,3,0
2770,6170,37,0,0
2771,6172,82,8,0
2772,6175,56,15,0
2773,6183,97,13,0
2774,6185,88,18,0
2775,6186,31,16,1
2776,6187,31,13,0
2777,6190,49,3,0
2778,6191,42,9,0
2779,6195,87,16,0
2780,6197,15,12,0
2781,6199,72,19,0
2782,6204,50,11,0
2783,6205,63,8,0
2784,6206,29,4,0
2785,6210,11,15,0
2786,6211,5,12,0
2787,6215,99,13,0
2788,6216,31,7,0
2789,6218,6,0,0
2790,6219,60,16,0
2791,6221,38,9,0
2792,6225,89,0,0
2793,6226,59,3,0
2794,6228,76,13,0
2795,6235,94,15,0
2796,6238,67,3,0
2797,6239,75,5,0
2798,6241,71,15,0
2799,6243,20,0,1
2800,6245,5,9,0
2801,6247,36,0,0
2802,6249,36,5,0
2803,6251,71,6,0
2804,6252,3,9,0
2805,6254,91,15,1
2806,6255,7,18,1
2807,6257,11,17,0
2808,6259,8,5,0
2809,6261,27,9,1
2810,6262,97,17,0
2811,6263,81,5,0
2812,6264,63,4,0
2813,6265,61,11,0
2814,6269,26,19,0
2815,6271,28,9,1
2816,6275,17,17,1
2817,6277,48,11,0
2818,6281,73,4,0
2819,6287,57,5,0
2820,6291,42,15,0
2821,6292,46,17,0
2822,6293,69,9,0
2823,6296,85,7,0
2824,6299,85,8,0
2825,6300,42,16,0
2826,6301,28,18,0
2827,6305,26,1,0
2828,6308,13,18,0
2829,6310,93,12,0
2830,6311,85,10,0
2831,6312,86,10,0
2832,6314,78,7,0
2833,6315,14,18,0
2834,6316,98,11,0
2835,6317,65,2,0
2836,6320,58,17,0
2837,6323,74,6,0
2838,6326,3,1,0
2839,6328,93,7,0
2840,6329,39,15,1
2841,6330,39,8,0
2842,6333,4,13,1
2843,6335,94,15,1
2844,6338,21,9,0
2845,6341,92,6,0
2846,6343,84,15,0
2847,6345,56,11,0
2848,6348,28,17,0
2849,6349,4,4,0
2850,6352,66,9,0
2851,6354,12,18,0
2852,6355,17,17,1
2853,6356,79,14,0
2854,6359,52,11,0
2855,6360,64,9,0
2856,6361,31,5,0
2857,6367,8,1,0
2858,6371,85,19,1
2859,6374,43,16,0
2860,6378,27,1,1
2861,6382,15,19,0
2862,6383,36,19,0
2863,6384,33,0,0
2864,6385,25,11,0
2865,6389,87,18,0
2866,6390,91,1,0
2867,6391,65,6,0
2868,6392,4,17,0
2869,6395,33,0,0
2870,6396,60,9,0
2871,6397,29,13,1
2872,6398,85,14,0
2873,6399,58,9,0
2874,6402,51,17,1
2875,6406,93,4,1
2876,6407,83,17,1
2877,6413,84,8,0
2878,6414,91,11,0
2879,6416,2,17,0
2880,6417,87,11,0
2881,6418,27,0,0
2882,6419,4,2,0
2883,6420,21,18,1
2884,6421,19,16,1
2885,6422,73,8,0
2886,6423,7,0,0
2887,6424,79,15,0
2888,6425,55,19,0
2889,6428,60,12,1
2890,6430,27,8,1
2891,6431,55,13,0
2892,6442,54,13,0
2893,6443,18,12,0
2894,6447,51,7,0
2895,6450,80,2,0
2896,6451,80,5,0
2897,6454,11,11,1
2898,6458,17,14,0
2899,6459,78,8,0
2900,6462,62,10,0
2901,6463,3,17,1
2902,6466,22,19,1
2903,6467,25,8,0
2904,6469,25,11,0
2905,6471,19,16,0
2906,6472,66,7,0
2907,6479,43,8,0
2908,6485,42,11,1
2909,6487,61,7,0
2910,6489,5,15,1
2911,6490,54,7,0
2912,6491,87,1,0
2913,6493,37,18,1
2914,6495,46,4,0
2915,6499,70,1,0
2916,6503,37,14,0
2917,6504,79,11,1
2918,6506,21,0,0
2919,6507,81,9,0
2920,6508,81,2,0
2921,6509,64,17,0
2922,6510,38,2,0
2923,6512,45,6,0
2924,6514,18,0,1
2925,6515,75,5,0
2926,6520,4,19,1
2927,6521,3,17,0
2928,6525,81,10,1
2929,6526,74,1,0
2930,6527,94,3,0
2931,6528,71,15,0
2932,6533,63,11,0
2933,6537,15,1,0
2934,6545,28,18,0
2935,6552,97,15,0
2936,6554,58,4,0
2937,6556,81,6,0
2938,6557,66,0,0
2939,6558,27,6,0
2940,6559,96,0,0
2941,6560,2,18,0
2942,6562,90,12,0
2943,6564,9,8,0
2944,6565,30,18,0
2945,6566,20,16,1
2946,6567,68,1,0
2947,6569,32,7,0
2948,6571,1,1,0
2949,6575,73,0,0
2950,6576,86,1,0
2951,6577,38,14,0
2952,6579,24,6,0
2953,6581,47,10,0
2954,6586,44,3,0
2955,6588,88,18,0
2956,6592,81,5,0
2957,6596,1,15,0
2958,6598,54,14,0
2959,6599,45,8,0
2960,6602,64,14,0
2961,6607,64,0,0
2962,6609,52,8,0
2963,6610,22,16,1
2964,6612,50,8,0
2965,6613,74,6,0
2966,6614,76,11,0
2967,6615,36,19,0
2968,6617,38,5,0
2969,6620,63,3,0
2970,6623,48,14,0
2971,6624,42,17,0
2972,6626,14,12,1
2973,6628,5,8,1
2974,6630,42,9,0
2975,6632,53,9,0
2976,6636,45,19,0
2977,6637,10,0,1
2978,6642,50,15,0
2979,6644,67,9,0
2980,6648,27,7,0
2981,6650,48,15,0
2982,6651,6,11,0
2983,6654,85,8,0
2984,6656,4,10,0
2985,6657,14,16,1
2986,6669,18,13,1
2987,6670,88,10,0
2988,6671,97,12,0
2989,6674,46,2,1
2990,6677,76,6,0
2991,6679,33,4,0
2992,6682,44,11,1
2993,6684,13,16,0
2994,6685,42,14,1
2995,6687,64,0,0
2996,6688,32,14,0
2997,6692,28,18,0
2998,6693,99,2,0
2999,6694,62,7,0
3000,6695,40,12,1
3001,6696,58,6,0
3002,6697,23,10,0
3003,6699,43,16,0
3004,6700,33,3,0
3005,6701,76,19,0
3006,6705,39,13,1
3007,6710,89,13,0
3008,6714,52,8,0
3009,6717,96,5,0
3010,6720,49,3,0
3011,6724,50,13,1
3012,6725,54,17,0
3013,6728,85,4,0
3014,6729,63,9,0
3015,6732,75,1,0
3016,6736,61,9,0
3017,6738,11,14,1
3018,6739,49,10,0
3019,6740,16,5,0
3020,6742,35,11,1
3021,6743,48,12,0
3022,6744,99,9,0
3023,6748,4,15,0
3024,6749,87,18,1
3025,6751,24,3,0
3026,6752,68,10,0
3027,6754,19,6,0
3028,6756,94,15,0
3029,6757,90,8,0
3030,6763,17,15,0
3031,6765,47,12,0
3032,6766,89,8,0
3033,6768,38,14,0
3034,6771,39,8,0
3035,6772,81,12,0
3036,6773,7,14,1
3037,6775,43,2,0
3038,6777,80,18,0
3039,6779,63,16,0
3040,6780,51,3,0
3041,6783,54,11,0
3042,6785,19,14,1
3043,6789,5,18,0
3044,6790,93,15,0
3045,6793,65,19,0
3046,6797,93,4,0
3047,6802,27,16,1
3048,6804,58,6,0
3049,6805,64,5,0
3050,6806,49,13,0
3051,6807,52,1,0
3052,6810,60,11,0
3053,6811,85,7,0
3054,6812,73,7,0
3055,6814,23,1,0
3056,6820,3,19,1
3057,6823,7,0,0
3058,6825,28,11,1
3059,6826,81,12,1
3060,6827,66,3,1
3061,6829,22,8,0
3062,6832,99,0,0
3063,6833,19,0,1
3064,6836,74,1,0
3065,6837,46,15,0
3066,6842,72,16,0
3067,6843,14,2,0
3068,6844,9,9,0
3069,6845,79,14,0
3070,6846,65,13,0
3071,6847,49,12,0
3072,6850,78,19,0
3073,6852,93,4,0
3074,6853,66,19,0
3075,6859,19,3,1
3076,6861,90,14,0
3077,6862,77,3,0
3078,6864,7,18,0
3079,6865,57,16,0
3080,6867,70,9,0
3081,6868,54,10,0
3082,6869,2,10,0
3083,6870,17,0,1
3084,6871,54,2,1
3085,6873,69,5,0
3086,6877,2,14,1
3087,6879,32,5,1
3088,6881,34,5,1
3089,6883,33,5,1
3090,6886,95,2,0
3091,6889,77,2,0
3092,6890,19,14,0
3093,6891,16,7,0
3094,6894,69,1,0
3095,6895,70,13,0
3096,6896,99,11,0
3097,6897,70,16,0
3098,6898,31,17,1
3099,6901,15,12,0
3100,6902,46,10,0
3101,6903,71,7,1
3102,6908,86,16,0
3103,6909,57,17,0
3104,6910,44,14,0
3105,6914,63,12,1
3106,6917,75,19,0
3107,6923,71,6,0
3108,6924,96,12,1
3109,6925,34,5,0
3110,6927,60,8,0
3111,6929,75,13,0
3112,6939,77,14,0
3113,6940,86,9,0
3114,6941,89,2,0
3115,6943,86,2,0
3116,6945,3,18,0
3117,6946,72,11,0
3118,6949,4,16,0
3119,6957,76,12,0
3120,6966,26,13,0
3121,6967,49,15,1
3122,6968,94,2,0
3123,6969,74,6,0
3124,6971,76,18,0
3125,6972,5,4,0
3126,6975,73,5,0
3127,6976,99,11,0
3128,6977,99,17,0
3129,6978,98,7,0
3130,6979,70,11,0
3131,6980,25,7,1
3132,6982,60,7,0
3133,6983,10,10,0
3134,6986,2,12,0
3135,6987,2,19,0
3136,6988,37,11,0
3137,6989,79,15,0
3138,6990,27,11,1
3139,6994,1,9,0
3140,6998,98,2,0
3141,6999,83,9,0
3142,7008,43,7,0
3143,7012,40,10,0
3144,7013,21,14,0
3145,7014,20,11,0
3146,7016,40,12,0
3147,7018,16,8,0
3148,7022,67,12,1
3149,7023,6,4,0
3150,7024,88,9,1
3151,7029,41,11,0
3152,7030,41,4,0
3153,7032,77,2,0
3154,7034,1,7,1
3155,7035,12,11,0
3156,7036,27,17,0
3157,7038,71,19,0
3158,7040,98,12,0
3159,7047,85,4,0
3160,7050,38,15,0
3161,7051,88,3,0
3162,7053,15,19,1
3163,7056,19,2,0
3164,7057,47,11,1
3165,7058,36,3,0
3166,7060,17,3,0
3167,7061,75,3,0
3168,7062,32,0,0
3169,7064,92,8,0
3170,7065,65,17,0
3171,7070,96,13,0
3172,7072,12,0,1
3173,7074,59,17,0
3174,7075,92,10,0
3175,7077,70,14,0
3176,7078,84,0,0
3177,7082,18,2,0
3178,7083,70,11,0
3179,7085,3,3,0
3180,7088,92,6,0
3181,7090,92,1,0
3182,7091,6,8,0
3183,7092,94,17,0
3184,7093,81,11,0
3185,7095,20,7,1
3186,7096,94,7,0
3187,7097,88,16,0
3188,7099,3,7,0
3189,7101,22,16,0
3190,7102,11,17,0
3191,7104,83,8,0
3192,7108,48,8,0
